epoch;acc;loss;val_acc;val_loss
0;0.5;0.7193015728678022;0.5699999928474426;0.6784889101982117
1;0.5703125;0.6755866493497577;0.550000011920929;0.6735095381736755
2;0.5513392857142857;0.6654234613691058;0.6200000047683716;0.6462750434875488
3;0.6595982142857143;0.6399015188217163;0.6800000071525574;0.6313356161117554
4;0.65625;0.62982177734375;0.6800000071525574;0.6231541633605957
5;0.6640625;0.6167397669383458;0.6899999976158142;0.6098053455352783
6;0.671875;0.6042191386222839;0.6899999976158142;0.5989936590194702
7;0.6763392857142857;0.5954172781535557;0.7099999785423279;0.5903565883636475
8;0.6808035714285714;0.5875827159200396;0.7400000095367432;0.5844463109970093
9;0.6863839285714286;0.577179559639522;0.7599999904632568;0.5850517153739929
10;0.6953125;0.5682750173977443;0.75;0.5786147117614746
11;0.7087053571428571;0.5567532777786255;0.7400000095367432;0.5698819756507874
12;0.7220982142857143;0.5462522677012852;0.7400000095367432;0.5621218681335449
13;0.7232142857142857;0.5354396871158055;0.7200000286102295;0.5616686940193176
14;0.7421875;0.5242141485214233;0.7200000286102295;0.5603066086769104
15;0.7589285714285714;0.5120208007948739;0.699999988079071;0.5512757897377014
16;0.7600446428571429;0.5015203186443874;0.7099999785423279;0.5455896854400635
17;0.7712053571428571;0.48734815631593975;0.7099999785423279;0.5377969145774841
18;0.7801339285714286;0.48096853494644165;0.7200000286102295;0.5426528453826904
19;0.7935267857142857;0.462374142238072;0.7200000286102295;0.5328910946846008
20;0.8013392857142857;0.4541991353034973;0.7300000190734863;0.5309996604919434
21;0.8136160714285714;0.4404776692390442;0.75;0.5356706380844116
22;0.8191964285714286;0.42829021385737825;0.7599999904632568;0.5324701070785522
23;0.8258928571428571;0.42134831632886616;0.75;0.5366926193237305
24;0.8337053571428571;0.4096642179148538;0.7599999904632568;0.5266592502593994
25;0.8392857142857143;0.3958992532321385;0.7799999713897705;0.4916524589061737
26;0.84375;0.3854325158255441;0.7900000214576721;0.4801301658153534
27;0.8537946428571429;0.3742841737610953;0.7900000214576721;0.4672130346298218
28;0.8493303571428571;0.37071309770856586;0.7900000214576721;0.45047417283058167
29;0.8515625;0.3570138769490378;0.800000011920929;0.4560549855232239
30;0.8649553571428571;0.34497614417757305;0.8100000023841858;0.4400341808795929
31;0.875;0.33310355458940777;0.8199999928474426;0.43782562017440796
32;0.8738839285714286;0.33051696845463346;0.8199999928474426;0.4103197157382965
33;0.8828125;0.3161127396992275;0.8199999928474426;0.38138893246650696
34;0.8928571428571429;0.30450115885053364;0.8199999928474426;0.3789852261543274
35;0.890625;0.2951623520680836;0.8299999833106995;0.37622231245040894
36;0.8850446428571429;0.2902179104941232;0.8299999833106995;0.37763798236846924
37;0.9029017857142857;0.27526081459862844;0.8199999928474426;0.3829785883426666
38;0.9017857142857143;0.2716220148972103;0.8299999833106995;0.35922300815582275
39;0.90625;0.26042865003858295;0.8299999833106995;0.3775545358657837
40;0.9151785714285714;0.2489083068711417;0.8199999928474426;0.3576894998550415
41;0.9140625;0.2439738895211901;0.8199999928474426;0.3353404700756073
42;0.9162946428571429;0.23608051453317916;0.8600000143051147;0.31499820947647095
43;0.9252232142857143;0.2280456849506923;0.8700000047683716;0.3065529465675354
44;0.9118303571428571;0.2308499344757625;0.8199999928474426;0.3372269570827484
45;0.9274553571428571;0.21478126304490225;0.8199999928474426;0.3435324430465698
46;0.9196428571428571;0.21216768877846853;0.8199999928474426;0.34959080815315247
47;0.9274553571428571;0.20072620681353978;0.8399999737739563;0.3348824977874756
48;0.9319196428571429;0.19886264630726405;0.8500000238418579;0.3216390907764435
49;0.9308035714285714;0.19866319000720978;0.8399999737739563;0.3347432017326355
50;0.9308035714285714;0.18883779432092393;0.8299999833106995;0.3194141089916229
51;0.9408482142857143;0.18077376910618373;0.8700000047683716;0.29781270027160645
52;0.9430803571428571;0.16968791399683272;0.8500000238418579;0.29294466972351074
53;0.9352678571428571;0.17167135860238755;0.8500000238418579;0.3092004060745239
54;0.9497767857142857;0.16048779232161386;0.8700000047683716;0.2999750077724457
55;0.9408482142857143;0.16251049510070256;0.8899999856948853;0.25859537720680237
56;0.9453125;0.15005418445382798;0.8799999952316284;0.2856564521789551
57;0.9520089285714286;0.1498362762587411;0.8799999952316284;0.27249443531036377
58;0.9508928571428571;0.14498457312583923;0.8999999761581421;0.26913946866989136
59;0.9564732142857143;0.13973562632288253;0.8999999761581421;0.24477000534534454
60;0.9497767857142857;0.14031324748482024;0.8999999761581421;0.23030510544776917
61;0.9508928571428571;0.1396164447069168;0.8899999856948853;0.24492990970611572
62;0.9654017857142857;0.12422760469572884;0.8700000047683716;0.3232932388782501
63;0.9598214285714286;0.13165455417973654;0.8899999856948853;0.32132023572921753
64;0.9587053571428571;0.12676031248910086;0.8799999952316284;0.259623259305954
65;0.9620535714285714;0.12493499687739781;0.8999999761581421;0.23633930087089539
66;0.9575892857142857;0.11939874397856849;0.9100000262260437;0.23958469927310944
67;0.9620535714285714;0.12359500569956643;0.8899999856948853;0.2480461299419403
68;0.9631696428571429;0.11496267999921526;0.8999999761581421;0.23275326192378998
69;0.9676339285714286;0.11062027301107134;0.9100000262260437;0.19162417948246002
70;0.9720982142857143;0.10500275662967137;0.9200000166893005;0.1979372203350067
71;0.9698660714285714;0.10144385801894325;0.9200000166893005;0.23450987040996552
72;0.9720982142857143;0.10187491242374692;0.8999999761581421;0.2434268593788147
73;0.9698660714285714;0.09854761298213686;0.8999999761581421;0.21871036291122437
74;0.9743303571428571;0.09532949541296278;0.9399999976158142;0.17302753031253815
75;0.9698660714285714;0.09827967413834163;0.9300000071525574;0.18107300996780396
76;0.9698660714285714;0.09240644318716866;0.9100000262260437;0.2330130785703659
77;0.9732142857142857;0.0928122348019055;0.8899999856948853;0.2764776945114136
78;0.9698660714285714;0.09469863240207944;0.8999999761581421;0.2062346488237381
79;0.9765625;0.08860046948705401;0.9399999976158142;0.16698801517486572
80;0.9799107142857143;0.08404357731342316;0.9200000166893005;0.18343162536621094
81;0.9732142857142857;0.08586765400000981;0.9200000166893005;0.20356778800487518
82;0.9799107142857143;0.07710846619946617;0.9300000071525574;0.22832664847373962
83;0.9776785714285714;0.08424878759043557;0.9100000262260437;0.23177459836006165
84;0.9765625;0.08477104880980083;0.9300000071525574;0.18339264392852783
85;0.9765625;0.08093778895480293;0.9399999976158142;0.15398827195167542
86;0.9776785714285714;0.07685108482837677;0.9100000262260437;0.17698383331298828
87;0.9832589285714286;0.07301119821412223;0.9100000262260437;0.21071834862232208
88;0.9754464285714286;0.08101279501404081;0.9100000262260437;0.19164976477622986
89;0.9821428571428571;0.06680697415556226;0.9300000071525574;0.19825558364391327
90;0.9776785714285714;0.07499494510037559;0.9399999976158142;0.19453686475753784
91;0.984375;0.06485832376139504;0.9300000071525574;0.17945033311843872
92;0.9821428571428571;0.06849866679736547;0.9200000166893005;0.1876172423362732
93;0.9810267857142857;0.06253114981310708;0.9200000166893005;0.22450795769691467
94;0.9810267857142857;0.06814406173569816;0.9200000166893005;0.2054557055234909
95;0.9899553571428571;0.0637465672833579;0.9100000262260437;0.20057936012744904
96;0.9854910714285714;0.05948203482798168;0.9200000166893005;0.19463716447353363
97;0.9854910714285714;0.05972495675086975;0.9399999976158142;0.1877821683883667
98;0.9821428571428571;0.05984996844615255;0.9200000166893005;0.20179103314876556
99;0.9709821428571429;0.07170372562749046;0.9300000071525574;0.18525734543800354
100;0.9854910714285714;0.053478182426520755;0.9300000071525574;0.19006690382957458
101;0.9832589285714286;0.05970530318362372;0.9200000166893005;0.18495552241802216
102;0.9910714285714286;0.046952245490891595;0.9200000166893005;0.19615814089775085
103;0.9821428571428571;0.058288557188851495;0.9300000071525574;0.19546310603618622
104;0.9866071428571429;0.05638422444462776;0.9399999976158142;0.19566240906715393
105;0.9854910714285714;0.05388784621443067;0.9200000166893005;0.16962997615337372
106;0.9888392857142857;0.055529470422438214;0.9399999976158142;0.17881926894187927
107;0.9832589285714286;0.05136050922530038;0.9399999976158142;0.19270434975624084
108;0.984375;0.046986673559461324;0.9200000166893005;0.21903982758522034
109;0.9866071428571429;0.04666518313544137;0.9100000262260437;0.23575903475284576
110;0.9910714285714286;0.049174974007265906;0.9200000166893005;0.2087237387895584
111;0.9866071428571429;0.05086343948330198;0.9200000166893005;0.2220129370689392
112;0.9877232142857143;0.044671498771224706;0.9100000262260437;0.24739734828472137
113;0.9910714285714286;0.044028887791293006;0.9200000166893005;0.23393550515174866
114;0.9933035714285714;0.038143922707864215;0.9200000166893005;0.22027119994163513
115;0.9877232142857143;0.0455271452665329;0.9100000262260437;0.22030818462371826
116;0.9877232142857143;0.04099067726305553;0.9300000071525574;0.1965881884098053
117;0.9877232142857143;0.04282500275543758;0.9200000166893005;0.201216921210289
118;0.9899553571428571;0.0399533456989697;0.9200000166893005;0.22224530577659607
119;0.9910714285714286;0.04218332150152752;0.9100000262260437;0.24620456993579865
120;0.9933035714285714;0.03679109976759979;0.9300000071525574;0.21680980920791626
121;0.9888392857142857;0.04056606015988758;0.9100000262260437;0.2133282870054245
122;0.9899553571428571;0.03384859061666897;0.9200000166893005;0.2363000065088272
123;0.9910714285714286;0.037547468074730465;0.9100000262260437;0.22920963168144226
124;0.9921875;0.038573452936751504;0.9100000262260437;0.22284725308418274
125;0.9888392857142857;0.039104869323117394;0.8899999856948853;0.2304532676935196
126;0.9888392857142857;0.03664842301181385;0.8899999856948853;0.278378963470459
127;0.9910714285714286;0.03298780481730189;0.8999999761581421;0.2693142592906952
128;0.9933035714285714;0.03618463235242026;0.8999999761581421;0.252210795879364
129;0.9955357142857143;0.030397929251194;0.9100000262260437;0.24904674291610718
130;0.9877232142857143;0.03765275276132992;0.9100000262260437;0.23622989654541016
131;0.9955357142857143;0.0262090659567288;0.9200000166893005;0.2351280152797699
132;0.9933035714285714;0.02904821719442095;0.9200000166893005;0.22867946326732635
133;0.9921875;0.030353581798928126;0.9200000166893005;0.22712838649749756
134;0.9866071428571429;0.03777879050799778;0.9200000166893005;0.22402118146419525
135;0.9944196428571429;0.028532095785651888;0.9100000262260437;0.23043052852153778
136;0.9933035714285714;0.028142458626202176;0.9200000166893005;0.24901537597179413
137;0.9888392857142857;0.03340895899704525;0.9200000166893005;0.2579365670681
138;0.9921875;0.026358221790620258;0.9399999976158142;0.2218131572008133
139;0.9888392857142857;0.03579451862190451;0.9300000071525574;0.2459511160850525
140;0.9944196428571429;0.02765132167509624;0.9300000071525574;0.2619507610797882
141;0.9877232142857143;0.034080326557159424;0.8999999761581421;0.2894804775714874
142;0.9921875;0.029773130480732237;0.9100000262260437;0.2716462314128876
143;0.9921875;0.028570554618324553;0.9300000071525574;0.22106929123401642
144;0.9910714285714286;0.027674512937664986;0.9200000166893005;0.2450437992811203
145;0.9888392857142857;0.03413136729172298;0.9200000166893005;0.27985554933547974
146;0.9977678571428571;0.024990394179310118;0.8999999761581421;0.28618529438972473
147;0.9977678571428571;0.022148971312812397;0.8899999856948853;0.23035664856433868
148;0.9955357142857143;0.022219501169664518;0.9399999976158142;0.22207725048065186
149;0.9977678571428571;0.019548150976853713;0.9200000166893005;0.22821186482906342
150;0.9933035714285714;0.023423954844474792;0.8999999761581421;0.23880261182785034
151;0.9944196428571429;0.021678837814501355;0.9100000262260437;0.26499634981155396
152;0.9921875;0.02673522595848356;0.8899999856948853;0.2877233624458313
153;0.9955357142857143;0.024706304605518068;0.8999999761581421;0.2584797143936157
154;0.9955357142857143;0.021425261295267513;0.9200000166893005;0.22900418937206268
155;0.9966517857142857;0.01942493473844869;0.8999999761581421;0.21501146256923676
156;0.9944196428571429;0.024404322994606837;0.8899999856948853;0.25354135036468506
157;0.9921875;0.03187425807118416;0.8899999856948853;0.2922840416431427
158;0.9944196428571429;0.020416268280574253;0.8799999952316284;0.38116738200187683
159;0.9921875;0.030576460595641817;0.8999999761581421;0.3239419162273407
160;0.9977678571428571;0.017904919439128468;0.8899999856948853;0.31636539101600647
161;0.9977678571428571;0.0192037219447749;0.8899999856948853;0.31809720396995544
162;0.9944196428571429;0.02426074631512165;0.8899999856948853;0.3065324127674103
163;0.9977678571428571;0.02094974129327706;0.8999999761581421;0.34972092509269714
164;0.9933035714285714;0.024748637207916806;0.8899999856948853;0.3215750455856323
165;0.9966517857142857;0.01667275026972805;0.8999999761581421;0.29672592878341675
166;0.9910714285714286;0.027295716106891632;0.9200000166893005;0.27399951219558716
167;0.9966517857142857;0.017408897834164754;0.9100000262260437;0.29571884870529175
168;0.9988839285714286;0.015701668869171823;0.9100000262260437;0.2712235748767853
169;0.9910714285714286;0.0238200452710901;0.9200000166893005;0.225919708609581
170;0.9988839285714286;0.014680771689329828;0.9300000071525574;0.21886183321475983
171;0.9977678571428571;0.01617874763906002;0.9100000262260437;0.2541648745536804
172;0.9944196428571429;0.021883275359869003;0.8799999952316284;0.3044905960559845
173;0.9944196428571429;0.024380520518336977;0.8999999761581421;0.2854885756969452
174;0.9988839285714286;0.012718022934028081;0.9300000071525574;0.22703175246715546
175;0.9910714285714286;0.024557930284312794;0.9399999976158142;0.20350436866283417
176;0.9977678571428571;0.01633396478635924;0.9300000071525574;0.2029130905866623
177;0.9977678571428571;0.013218243872480733;0.8799999952316284;0.28237906098365784
178;0.9988839285714286;0.013851989592824663;0.8799999952316284;0.27805304527282715
179;0.9988839285714286;0.01411154493689537;0.9100000262260437;0.22667300701141357
180;0.9988839285714286;0.01238018912928445;0.8999999761581421;0.24113529920578003
181;1.0;0.009628794289061002;0.8899999856948853;0.24775908887386322
182;0.9988839285714286;0.012699113892657416;0.8999999761581421;0.26898959279060364
183;0.9988839285714286;0.010555335586624486;0.8799999952316284;0.29323145747184753
184;1.0;0.01038427118744169;0.9100000262260437;0.2717687487602234
185;1.0;0.009931218677333422;0.9100000262260437;0.25582507252693176
186;0.9988839285714286;0.009980932144182069;0.9100000262260437;0.2548031210899353
187;0.9988839285714286;0.01204545157296317;0.9100000262260437;0.26559826731681824
188;0.9988839285714286;0.01205185241997242;0.9100000262260437;0.29581984877586365
189;1.0;0.009130676676120077;0.8899999856948853;0.31012919545173645
190;0.9977678571428571;0.01277303442891155;0.9100000262260437;0.250631183385849
191;0.9988839285714286;0.009671996613698346;0.9100000262260437;0.23567844927310944
192;0.9977678571428571;0.01182500139943191;0.9100000262260437;0.27406778931617737
193;0.9988839285714286;0.011456032150558062;0.8899999856948853;0.30312278866767883
194;0.9966517857142857;0.014566401152738504;0.9100000262260437;0.28086456656455994
195;0.9988839285714286;0.00838640219132815;0.8899999856948853;0.2840665876865387
196;0.9988839285714286;0.010212628969124385;0.8999999761581421;0.2677805423736572
197;1.0;0.00711970091132181;0.9200000166893005;0.24514776468276978
198;0.9977678571428571;0.009456114710441657;0.9200000166893005;0.25289902091026306
199;0.9988839285714286;0.008846975330795561;0.9100000262260437;0.2800775468349457
200;1.0;0.007922662289014884;0.8999999761581421;0.2907896637916565
201;0.9988839285714286;0.012498368376067706;0.9100000262260437;0.26568514108657837
202;1.0;0.008344429545104504;0.9100000262260437;0.2537330389022827
203;1.0;0.00986328667828015;0.9200000166893005;0.256269633769989
204;0.9966517857142857;0.016105048624532565;0.9300000071525574;0.2916543781757355
205;0.9988839285714286;0.008893990756145545;0.9300000071525574;0.2731417715549469
206;0.9988839285714286;0.009144783552203859;0.9300000071525574;0.25290560722351074
207;0.9977678571428571;0.012887395253138883;0.9300000071525574;0.26166829466819763
208;0.9977678571428571;0.010215762603495802;0.9100000262260437;0.262135773897171
209;0.9988839285714286;0.011438837141862937;0.8999999761581421;0.25029709935188293
210;0.9977678571428571;0.0097246150087033;0.9300000071525574;0.30203911662101746
211;1.0;0.00958634540438652;0.9200000166893005;0.3428896963596344
212;0.9977678571428571;0.010566125490835734;0.8899999856948853;0.3342048227787018
213;1.0;0.008058490896863597;0.8899999856948853;0.28512024879455566
214;1.0;0.006426050992948669;0.9300000071525574;0.2451738715171814
215;0.9977678571428571;0.007923161344868796;0.8999999761581421;0.2532804012298584
216;1.0;0.006639920308121613;0.8899999856948853;0.2743358612060547
217;0.9988839285714286;0.00808713585138321;0.8999999761581421;0.29586300253868103
218;1.0;0.008642585815063544;0.8899999856948853;0.32816940546035767
219;0.9988839285714286;0.008670407879565443;0.8899999856948853;0.32618698477745056
220;1.0;0.004965549467929772;0.8999999761581421;0.3443613350391388
221;1.0;0.005719802674970457;0.8999999761581421;0.3286758363246918
222;1.0;0.0049760231216038975;0.9100000262260437;0.3182245194911957
223;0.9988839285714286;0.0066972052944558;0.9200000166893005;0.294301837682724
224;0.9977678571428571;0.00857040033276592;0.9200000166893005;0.28015202283859253
225;1.0;0.005656334904155561;0.9100000262260437;0.3187123239040375
226;0.9988839285714286;0.005610734290842499;0.8999999761581421;0.35450270771980286
227;1.0;0.00542812974059156;0.8999999761581421;0.35739022493362427
228;1.0;0.006170857232064009;0.9100000262260437;0.3210916817188263
229;0.9988839285714286;0.007474897695439202;0.9200000166893005;0.27446743845939636
230;0.9977678571428571;0.007513328654957669;0.9300000071525574;0.27237173914909363
231;1.0;0.0059924730365829805;0.8999999761581421;0.32111451029777527
232;1.0;0.006453429215720722;0.8999999761581421;0.32605937123298645
233;0.9977678571428571;0.008244890054421765;0.9200000166893005;0.27386674284935
234;0.9988839285714286;0.0075166965169566015;0.9200000166893005;0.25255241990089417
235;1.0;0.007906138763896056;0.9100000262260437;0.2852404713630676
236;0.9988839285714286;0.009539357386529446;0.8999999761581421;0.3628363311290741
237;1.0;0.004882620913641793;0.8899999856948853;0.36009347438812256
238;0.9988839285714286;0.0069808354601264;0.8999999761581421;0.3241901397705078
239;0.9977678571428571;0.007262435342584338;0.8999999761581421;0.31664901971817017
240;0.9977678571428571;0.0064653754234313965;0.8899999856948853;0.3591160476207733
241;0.9988839285714286;0.009927956121308463;0.8999999761581421;0.35111919045448303
242;1.0;0.0064447542120303425;0.9100000262260437;0.3323092758655548
243;0.9988839285714286;0.00825226865708828;0.9100000262260437;0.3361589014530182
244;0.9977678571428571;0.010148248701755489;0.8899999856948853;0.3887512683868408
245;0.9933035714285714;0.01313728406759245;0.8999999761581421;0.33884575963020325
246;0.9977678571428571;0.00813855224155954;0.9100000262260437;0.24397800862789154
247;0.9944196428571429;0.01304631753425513;0.9200000166893005;0.3009306788444519
248;0.9988839285714286;0.006720814055630139;0.9200000166893005;0.3648439645767212
249;1.0;0.008501172065734863;0.8899999856948853;0.34631288051605225
250;1.0;0.004584907154951777;0.9100000262260437;0.2778109610080719
251;1.0;0.00500398115920169;0.9200000166893005;0.2705194354057312
252;0.9988839285714286;0.004927871549235923;0.9100000262260437;0.31269505620002747
253;1.0;0.004254296954189028;0.9100000262260437;0.36489391326904297
254;1.0;0.004508801203753267;0.8999999761581421;0.4130566418170929
255;0.9977678571428571;0.010409870318004064;0.8999999761581421;0.3922913074493408
256;0.9977678571428571;0.010400906205177307;0.8999999761581421;0.3628217279911041
257;0.9977678571428571;0.01333806277917964;0.9100000262260437;0.3220280408859253
258;0.9944196428571429;0.016637264750897884;0.8799999952316284;0.3640850782394409
259;0.9966517857142857;0.010339362280709403;0.9399999976158142;0.26049235463142395
260;0.9966517857142857;0.010499001281069857;0.9399999976158142;0.2696840763092041
261;0.9966517857142857;0.00951754009085042;0.9200000166893005;0.2728285491466522
262;1.0;0.004633712449244091;0.8999999761581421;0.2975291907787323
263;1.0;0.006135604344308376;0.8999999761581421;0.3257293701171875
264;0.9988839285714286;0.007407500541635922;0.8999999761581421;0.3085376024246216
265;0.9988839285714286;0.005075834758047547;0.9200000166893005;0.30600041151046753
266;0.9988839285714286;0.005920858255454472;0.9200000166893005;0.2993910312652588
267;1.0;0.004797459446958133;0.8999999761581421;0.3156183362007141
268;1.0;0.0033913460792973638;0.8999999761581421;0.31475257873535156
269;1.0;0.002792106209588902;0.8899999856948853;0.3122209906578064
270;1.0;0.0037437291549784796;0.8999999761581421;0.30035296082496643
271;0.9988839285714286;0.006166494384940181;0.8999999761581421;0.31739938259124756
272;1.0;0.005594165397009679;0.8899999856948853;0.36060279607772827
273;1.0;0.003689146401094539;0.8999999761581421;0.36237603425979614
274;0.9988839285714286;0.00656389059232814;0.8999999761581421;0.3345361649990082
275;1.0;0.003452405998749392;0.9100000262260437;0.33281180262565613
276;1.0;0.00365509299029197;0.9100000262260437;0.32466185092926025
277;1.0;0.0037145968193986584;0.8999999761581421;0.31987637281417847
278;1.0;0.00384780194144696;0.9200000166893005;0.30035486817359924
279;1.0;0.003859453701547214;0.9200000166893005;0.2965046763420105
280;1.0;0.0025593238616628306;0.8999999761581421;0.3249533474445343
281;0.9988839285714286;0.005343125983407455;0.8899999856948853;0.3315626084804535
282;0.9988839285714286;0.003757675045302936;0.9100000262260437;0.30039122700691223
283;1.0;0.0027356882845716818;0.9300000071525574;0.2749674916267395
284;0.9988839285714286;0.004523869537349258;0.9200000166893005;0.26234564185142517
285;1.0;0.003312983350562198;0.9100000262260437;0.2887493371963501
286;1.0;0.005459084308573178;0.8899999856948853;0.3257235586643219
287;1.0;0.003774398339114019;0.8999999761581421;0.33531853556632996
288;0.9988839285714286;0.005798837369573968;0.8899999856948853;0.31853774189949036
289;1.0;0.002551499953759568;0.9100000262260437;0.3198491334915161
290;1.0;0.0030849005561321974;0.9200000166893005;0.31009769439697266
291;1.0;0.0028275647200644016;0.9200000166893005;0.2968806326389313
292;0.9988839285714286;0.004076275575373854;0.9200000166893005;0.2886076271533966
293;1.0;0.0031892805958964993;0.8999999761581421;0.31444790959358215
294;1.0;0.004405879216002566;0.8999999761581421;0.3346691131591797
295;1.0;0.0021344898268580437;0.8999999761581421;0.3575894832611084
296;1.0;0.002179300645366311;0.8899999856948853;0.374564528465271
297;1.0;0.0023987989240725127;0.8999999761581421;0.34700748324394226
298;1.0;0.002436615726245301;0.9100000262260437;0.3514477014541626
299;0.9988839285714286;0.005980067952935185;0.8999999761581421;0.38892900943756104
300;0.9988839285714286;0.004583028012088367;0.8999999761581421;0.38328295946121216
301;1.0;0.004630359155791146;0.8999999761581421;0.38119903206825256
302;0.9988839285714286;0.006300231042717185;0.9200000166893005;0.2908723056316376
303;1.0;0.002907218478087868;0.9300000071525574;0.23913395404815674
304;0.9977678571428571;0.005072101019322872;0.9200000166893005;0.25102874636650085
305;0.9988839285714286;0.0031989546093557563;0.9100000262260437;0.34230536222457886
306;1.0;0.0029151206170873983;0.8999999761581421;0.3910297751426697
307;1.0;0.003114071807691029;0.9100000262260437;0.3602699935436249
308;1.0;0.0034583340831367032;0.8999999761581421;0.30992618203163147
309;1.0;0.0037977381476334165;0.8899999856948853;0.31311485171318054
310;1.0;0.003347301622852683;0.8899999856948853;0.34237927198410034
311;0.9988839285714286;0.0049831196665763855;0.8799999952316284;0.3609062433242798
312;1.0;0.0019757207150438;0.8899999856948853;0.35805588960647583
313;1.0;0.0036743939188974245;0.8899999856948853;0.3458460867404938
314;1.0;0.0020335462343479905;0.8799999952316284;0.3338660001754761
315;1.0;0.002611585826213871;0.8799999952316284;0.3357965052127838
316;1.0;0.0026233665911214693;0.8799999952316284;0.32229745388031006
317;1.0;0.004018167366406747;0.8799999952316284;0.30603545904159546
318;1.0;0.0020584131457975934;0.8999999761581421;0.30216968059539795
319;1.0;0.002586920346532549;0.9100000262260437;0.31148895621299744
320;1.0;0.00237379183194467;0.9200000166893005;0.31572994589805603
321;1.0;0.002117960580757686;0.9200000166893005;0.3093452453613281
322;1.0;0.0022120400930621792;0.9200000166893005;0.2995820641517639
323;1.0;0.002324095128902367;0.9200000166893005;0.2753119170665741
324;1.0;0.0039110990640308175;0.8999999761581421;0.2839415371417999
325;1.0;0.001587634440511465;0.8899999856948853;0.31757912039756775
326;1.0;0.0024139107138450655;0.8899999856948853;0.3145974278450012
327;1.0;0.0031782915217003654;0.8899999856948853;0.2936647832393646
328;1.0;0.002162205454494272;0.8999999761581421;0.2921432852745056
329;1.0;0.002027158159762621;0.9100000262260437;0.28887560963630676
330;0.9988839285714286;0.0028639764059334993;0.9100000262260437;0.28644463419914246
331;1.0;0.002441608746136938;0.9100000262260437;0.28037044405937195
332;1.0;0.0022337690128811766;0.9200000166893005;0.23898597061634064
333;1.0;0.001982940926349589;0.9200000166893005;0.2417430281639099
334;1.0;0.0016018080225746547;0.9200000166893005;0.25380492210388184
335;1.0;0.0019535879005811046;0.9200000166893005;0.264769047498703
336;0.9988839285714286;0.005474280200100371;0.9300000071525574;0.30824971199035645
337;0.9977678571428571;0.005353373076234545;0.9300000071525574;0.37319663166999817
338;0.9988839285714286;0.003518493047782353;0.9300000071525574;0.3790949285030365
339;0.9988839285714286;0.0063700951369745394;0.9300000071525574;0.36500245332717896
340;1.0;0.0031236796639859676;0.9300000071525574;0.34797072410583496
341;0.9955357142857143;0.010018013850120562;0.8999999761581421;0.3997117877006531
342;0.9988839285714286;0.007623887953481504;0.8999999761581421;0.49283644556999207
343;0.9966517857142857;0.008989911659487657;0.9200000166893005;0.26648369431495667
344;1.0;0.004617946222424507;0.9200000166893005;0.2532024085521698
345;0.9988839285714286;0.006249570354287114;0.9100000262260437;0.31312572956085205
346;1.0;0.005505014144416366;0.9300000071525574;0.4349229335784912
347;0.9966517857142857;0.008188851177692413;0.9100000262260437;0.44138580560684204
348;1.0;0.0024419820734432767;0.9100000262260437;0.3847061097621918
349;1.0;0.0029865995914276156;0.9100000262260437;0.36635899543762207
350;0.9988839285714286;0.005502062583608287;0.9200000166893005;0.37681564688682556
351;1.0;0.002422936194177185;0.9200000166893005;0.43804022669792175
352;1.0;0.0032571404507117613;0.8999999761581421;0.42060738801956177
353;0.9988839285714286;0.004289108594613416;0.9200000166893005;0.3469736576080322
354;1.0;0.0024161781184375286;0.949999988079071;0.29183652997016907
355;0.9988839285714286;0.00331734776097749;0.9300000071525574;0.2780338227748871
356;1.0;0.0018053157587668725;0.9300000071525574;0.27451831102371216
357;1.0;0.0020513643976300955;0.9100000262260437;0.30757996439933777
358;1.0;0.0019565400102042724;0.9100000262260437;0.3366144597530365
359;1.0;0.002525840902567974;0.9100000262260437;0.3515681326389313
360;0.9988839285714286;0.002941233671403357;0.9100000262260437;0.3455970883369446
361;1.0;0.0013681056110986642;0.9200000166893005;0.3008786141872406
362;1.0;0.0017442880032051886;0.9200000166893005;0.3001895546913147
363;1.0;0.0025154221802949905;0.9200000166893005;0.32148146629333496
364;1.0;0.0015468692540058068;0.8999999761581421;0.3486900329589844
365;1.0;0.0015577167505398393;0.8899999856948853;0.36902809143066406
366;1.0;0.002044719993136823;0.8999999761581421;0.3633147180080414
367;1.0;0.001077962207740971;0.9100000262260437;0.3650170862674713
368;1.0;0.0029688093179304686;0.8999999761581421;0.37986594438552856
369;1.0;0.0011725712268214142;0.8999999761581421;0.3974948227405548
370;1.0;0.0009192756593360432;0.8999999761581421;0.39994776248931885
371;1.0;0.0010126013574855669;0.8999999761581421;0.39791709184646606
372;0.9988839285714286;0.001920487532126052;0.8999999761581421;0.3747107684612274
373;1.0;0.0011523814173415303;0.8999999761581421;0.35640624165534973
374;1.0;0.0013277489425880568;0.8999999761581421;0.35275641083717346
375;0.9977678571428571;0.007344812553908143;0.8999999761581421;0.380067378282547
376;0.9988839285714286;0.0034331373338188443;0.8999999761581421;0.4705076217651367
377;0.9977678571428571;0.010012328890817506;0.9100000262260437;0.392281174659729
378;0.9966517857142857;0.009709607676735945;0.9300000071525574;0.2752901017665863
379;0.9977678571428571;0.00625977199524641;0.8700000047683716;0.39286255836486816
380;1.0;0.0037560100401086466;0.8399999737739563;0.5588967800140381
381;0.9988839285714286;0.005073183349200657;0.8799999952316284;0.37171798944473267
382;1.0;0.0014352502766996622;0.9100000262260437;0.33506882190704346
383;1.0;0.0020708894756223473;0.8999999761581421;0.3392108678817749
384;0.9988839285714286;0.003379933436268142;0.8999999761581421;0.32195863127708435
385;1.0;0.0024809313472360373;0.8799999952316284;0.30580174922943115
386;0.9988839285714286;0.0042240738735667294;0.8999999761581421;0.27111777663230896
387;1.0;0.0024243746551551987;0.8999999761581421;0.30303484201431274
388;1.0;0.003015934007375368;0.8999999761581421;0.31660252809524536
389;1.0;0.0014244719142360346;0.8999999761581421;0.2956220805644989
390;1.0;0.0017458414159981267;0.8999999761581421;0.2700690031051636
391;0.9988839285714286;0.0027256234815078123;0.8999999761581421;0.2856302261352539
392;1.0;0.001761702953704766;0.8999999761581421;0.30750834941864014
393;1.0;0.0018803471799141594;0.8999999761581421;0.29289501905441284
394;0.9966517857142857;0.008308406586625747;0.9399999976158142;0.26547348499298096
395;1.0;0.002631040123690452;0.9300000071525574;0.28045976161956787
396;0.9888392857142857;0.029678034795714275;0.9300000071525574;0.3266535997390747
397;0.9966517857142857;0.009840343812746661;0.8700000047683716;0.4518984258174896
398;0.9977678571428571;0.013372709941385048;0.9300000071525574;0.3122921884059906
399;0.9988839285714286;0.007380392269364425;0.9300000071525574;0.27938660979270935
400;0.9966517857142857;0.010665507255388158;0.9300000071525574;0.3055517077445984
401;1.0;0.004261351257030453;0.8999999761581421;0.3947586417198181
402;1.0;0.0028171979023941924;0.9100000262260437;0.4409423768520355
403;1.0;0.003708530816116503;0.9200000166893005;0.38633498549461365
404;1.0;0.0013125843584670552;0.9300000071525574;0.2833330035209656
405;0.9977678571428571;0.005340833948659045;0.9300000071525574;0.2807752192020416
406;1.0;0.0021556673870821086;0.9200000166893005;0.31892290711402893
407;1.0;0.0015149943397513457;0.9200000166893005;0.34360527992248535
408;1.0;0.0027770461248500006;0.8999999761581421;0.36008551716804504
409;1.0;0.0015643371235845344;0.8899999856948853;0.3884187340736389
410;1.0;0.0012151986759688174;0.8999999761581421;0.39378488063812256
411;1.0;0.0013262951314183219;0.8999999761581421;0.36934319138526917
412;0.9966517857142857;0.005531840492039919;0.9300000071525574;0.3135385513305664
413;0.9988839285714286;0.003338348652635302;0.949999988079071;0.2533779740333557
414;0.9977678571428571;0.005696819562997136;0.949999988079071;0.247230663895607
415;1.0;0.0035724632242428406;0.9300000071525574;0.2782188057899475
416;1.0;0.0022225939236315234;0.9100000262260437;0.31751278042793274
417;1.0;0.002436606213450432;0.9100000262260437;0.3534349799156189
418;0.9988839285714286;0.003797616277422224;0.9200000166893005;0.3596382141113281
419;0.9977678571428571;0.00490014416365219;0.9300000071525574;0.3612097501754761
420;0.9988839285714286;0.003455667174421251;0.9200000166893005;0.3545333743095398
421;1.0;0.0026171571974243435;0.9200000166893005;0.32371070981025696
422;1.0;0.0025383919211370604;0.9100000262260437;0.31493306159973145
423;0.9988839285714286;0.004358981669481311;0.9300000071525574;0.3025529980659485
424;0.9988839285714286;0.005810800074998822;0.9300000071525574;0.35811522603034973
425;1.0;0.001673448024251099;0.8999999761581421;0.43165791034698486
426;1.0;0.00151886506604829;0.8899999856948853;0.5074543356895447
427;1.0;0.0017257526383868285;0.8899999856948853;0.5071138143539429
428;0.9988839285714286;0.0019933959369414617;0.9100000262260437;0.4561062157154083
429;1.0;0.0019184553197452;0.9100000262260437;0.3869984447956085
430;1.0;0.0036166996537109037;0.9100000262260437;0.3471376895904541
431;1.0;0.0011621961686094956;0.8999999761581421;0.35577064752578735
432;0.9988839285714286;0.0029275682422199418;0.8899999856948853;0.37095651030540466
433;1.0;0.0012352205979238664;0.8899999856948853;0.3715507984161377
434;1.0;0.0011397355369159154;0.8899999856948853;0.35333213210105896
435;1.0;0.0016673573575514769;0.8899999856948853;0.3539658486843109
436;1.0;0.0006140040350146592;0.9100000262260437;0.36486515402793884
437;1.0;0.0009170970546879939;0.9100000262260437;0.37530767917633057
438;1.0;0.0019895576738885473;0.9200000166893005;0.37533673644065857
439;1.0;0.001302792042094682;0.9100000262260437;0.36769843101501465
440;1.0;0.000645045906172267;0.8799999952316284;0.36750075221061707
441;1.0;0.0010586567971456265;0.8999999761581421;0.3572201430797577
442;0.9988839285714286;0.00341447615729911;0.8799999952316284;0.3787316083908081
443;0.9966517857142857;0.005065491140287902;0.8999999761581421;0.4441397190093994
444;1.0;0.0023164929755564246;0.8999999761581421;0.3634054660797119
445;1.0;0.0016341937007382512;0.9300000071525574;0.30136626958847046
446;0.9977678571428571;0.006554873926298959;0.8999999761581421;0.3487929105758667
447;1.0;0.0008337214489334396;0.8899999856948853;0.4827136993408203
448;1.0;0.0022731979344306247;0.8899999856948853;0.5267625451087952
449;1.0;0.0017354654680405343;0.8999999761581421;0.43960562348365784
450;1.0;0.002336950407230428;0.9200000166893005;0.3273661434650421
451;1.0;0.001321442475143288;0.949999988079071;0.2960735857486725
452;1.0;0.001743115168730063;0.9599999785423279;0.29107847809791565
453;1.0;0.0016033002508005925;0.9399999976158142;0.3063095808029175
454;1.0;0.0007033507738794599;0.9399999976158142;0.30874741077423096
455;0.9988839285714286;0.0027220506287579027;0.9100000262260437;0.3443211615085602
456;0.9977678571428571;0.004533504776190966;0.9100000262260437;0.42261072993278503
457;0.9966517857142857;0.010231653777217227;0.9200000166893005;0.37657615542411804
458;0.9955357142857143;0.007991201244294643;0.9300000071525574;0.3977707624435425
459;1.0;0.0027888890888009754;0.9100000262260437;0.5035281181335449
460;0.9977678571428571;0.005534494894423655;0.9200000166893005;0.4605650305747986
461;1.0;0.0023170290015903966;0.9399999976158142;0.37798917293548584
462;0.9977678571428571;0.007306747504376939;0.9200000166893005;0.4228737950325012
463;0.9988839285714286;0.004761610546016267;0.8999999761581421;0.5505993366241455
464;0.9955357142857143;0.012047455246959413;0.9300000071525574;0.41566455364227295
465;0.9966517857142857;0.010186471344370927;0.9399999976158142;0.3890513479709625
466;0.9977678571428571;0.01028928127405899;0.949999988079071;0.3694710433483124
467;0.9988839285714286;0.005374267896903413;0.9300000071525574;0.32086634635925293
468;0.9966517857142857;0.015619263535232417;0.949999988079071;0.2823953926563263
469;1.0;0.0024326506037531154;0.9599999785423279;0.3267459571361542
470;0.9988839285714286;0.006107043857420129;0.9300000071525574;0.47073450684547424
471;1.0;0.0024670455272176434;0.8899999856948853;0.5616635680198669
472;0.9988839285714286;0.0031813839616786155;0.8999999761581421;0.4989226162433624
473;0.9988839285714286;0.002595239335538021;0.9300000071525574;0.41950374841690063
474;0.9988839285714286;0.0021489777053440256;0.949999988079071;0.4026845097541809
475;0.9988839285714286;0.0026408047332162304;0.949999988079071;0.42022013664245605
476;1.0;0.0009599316233236875;0.949999988079071;0.38512343168258667
477;0.9988839285714286;0.002921240254571395;0.949999988079071;0.3373861312866211
478;1.0;0.0026466111386460917;0.9399999976158142;0.32279378175735474
479;1.0;0.0016001859912648797;0.8899999856948853;0.3643288314342499
480;1.0;0.00220314014170851;0.8700000047683716;0.4082745313644409
481;1.0;0.0029607583502573626;0.9100000262260437;0.4045214056968689
482;1.0;0.0017278285564056464;0.9100000262260437;0.4475598931312561
483;1.0;0.0016859155730344355;0.9300000071525574;0.42764008045196533
484;1.0;0.0013825030431949667;0.9399999976158142;0.4160720109939575
485;0.9988839285714286;0.003107271423297269;0.9300000071525574;0.3983509838581085
486;0.9988839285714286;0.002041589402194534;0.9300000071525574;0.4135816991329193
487;1.0;0.0011015282943844795;0.9200000166893005;0.42396077513694763
488;1.0;0.001648900265406285;0.9200000166893005;0.4214972257614136
489;1.0;0.0006752644798585347;0.9300000071525574;0.40205633640289307
490;1.0;0.0008235907797435564;0.9300000071525574;0.3901960849761963
491;1.0;0.0011916240993221955;0.9300000071525574;0.41175833344459534
492;1.0;0.00047773526083411913;0.9300000071525574;0.42411598563194275
493;1.0;0.0005731631203421525;0.9300000071525574;0.43730050325393677
494;1.0;0.0011062233243137598;0.9200000166893005;0.4363887310028076
495;1.0;0.0006301357560524983;0.9200000166893005;0.4163837432861328
496;1.0;0.001217272847757808;0.9200000166893005;0.41646480560302734
497;1.0;0.0009487692815517741;0.8899999856948853;0.4386587142944336
498;1.0;0.002034710587135383;0.8899999856948853;0.42614319920539856
499;0.9977678571428571;0.00440878707948806;0.9300000071525574;0.41287553310394287
500;1.0;0.001744694059847721;0.9100000262260437;0.578453004360199
501;0.9921875;0.013381360763950008;0.9100000262260437;0.42594778537750244
502;0.9955357142857143;0.009398028537231897;0.8799999952316284;0.49801406264305115
503;0.9977678571428571;0.0071385791857859916;0.8600000143051147;0.8107719421386719
504;0.9944196428571429;0.01253573184034654;0.8899999856948853;0.6533315777778625
505;0.9966517857142857;0.007111850826601897;0.8999999761581421;0.5850324034690857
506;1.0;0.002967333953295435;0.8600000143051147;0.8021165728569031
507;0.9944196428571429;0.010330527887812682;0.8700000047683716;0.644900381565094
508;1.0;0.001139126967505685;0.8999999761581421;0.4427359104156494
509;1.0;0.0015596093643190606;0.9300000071525574;0.37332627177238464
510;0.9977678571428571;0.006396691946844969;0.8899999856948853;0.4001352787017822
511;1.0;0.0025396559088091764;0.8700000047683716;0.47525933384895325
512;1.0;0.0011395803802380605;0.8700000047683716;0.5494942665100098
513;0.9988839285714286;0.0029832481439890607;0.8799999952316284;0.5717324614524841
514;1.0;0.0011694524520342903;0.8799999952316284;0.592851459980011
515;0.9988839285714286;0.003249227485087301;0.8700000047683716;0.610474169254303
516;1.0;0.0014747329488662736;0.8899999856948853;0.5395747423171997
517;1.0;0.0025534771515854766;0.8700000047683716;0.5392478704452515
518;1.0;0.0013837194003696953;0.8799999952316284;0.558539092540741
519;0.9988839285714286;0.0020836361218243837;0.8799999952316284;0.5490565896034241
520;1.0;0.0014272977797580616;0.8799999952316284;0.5356981158256531
521;1.0;0.0004503485397435725;0.8799999952316284;0.49755242466926575
522;0.9988839285714286;0.002042151921029602;0.8899999856948853;0.4820033311843872
523;1.0;0.000657948141451925;0.8899999856948853;0.487638920545578
524;1.0;0.0010087982185983232;0.8899999856948853;0.5103549361228943
525;1.0;0.0005809444909183574;0.8700000047683716;0.5797891020774841
526;1.0;0.000578529860441839;0.8600000143051147;0.6108171343803406
527;1.0;0.0007418937748298049;0.8700000047683716;0.5918949246406555
528;1.0;0.0007328167225101165;0.8799999952316284;0.5248620510101318
529;0.9988839285714286;0.004205368933201369;0.9100000262260437;0.4531024992465973
530;1.0;0.0011229017067567579;0.8999999761581421;0.4134964346885681
531;0.9977678571428571;0.006223549733736685;0.8899999856948853;0.43191131949424744
532;1.0;0.0018560445501602121;0.8700000047683716;0.49997422099113464
533;0.9988839285714286;0.003175488648204399;0.8799999952316284;0.5263787508010864
534;0.9977678571428571;0.005030648383711066;0.8899999856948853;0.49515604972839355
535;0.9977678571428571;0.003687069900999112;0.9100000262260437;0.5497165322303772
536;1.0;0.002347855462825724;0.8999999761581421;0.4347565770149231
537;0.9977678571428571;0.0033544765319675207;0.9200000166893005;0.31097590923309326
538;0.9988839285714286;0.002438267002746995;0.9300000071525574;0.2793901562690735
539;0.9988839285714286;0.004542005165213985;0.9200000166893005;0.33267828822135925
540;1.0;0.000997850821087403;0.8999999761581421;0.4335925281047821
541;1.0;0.0006951128764610205;0.8999999761581421;0.5004760026931763
542;1.0;0.0020307123860610382;0.9100000262260437;0.4945603311061859
543;0.9977678571428571;0.00847986456938088;0.9100000262260437;0.4570175111293793
544;0.9988839285714286;0.004042657807336322;0.8999999761581421;0.4677669107913971
545;0.9988839285714286;0.0036128217221370767;0.8899999856948853;0.5007317066192627
546;1.0;0.0014191843635801757;0.9100000262260437;0.460237056016922
547;0.9988839285714286;0.004430455039255321;0.9100000262260437;0.42363524436950684
548;1.0;0.002277650637552142;0.9200000166893005;0.4092586934566498
549;1.0;0.0010471315971309586;0.9100000262260437;0.4412958025932312
550;1.0;0.0018383536620863847;0.9300000071525574;0.45763057470321655
551;0.9988839285714286;0.0038508543012929814;0.9300000071525574;0.4610491096973419
552;1.0;0.0009505381375285131;0.8999999761581421;0.5348591208457947
553;1.0;0.0014164569355281337;0.9200000166893005;0.5723748207092285
554;1.0;0.0011839033936017326;0.8999999761581421;0.5758396983146667
555;0.9988839285714286;0.0028276859915682246;0.9200000166893005;0.520159125328064
556;1.0;0.0008150014909915626;0.9300000071525574;0.463787317276001
557;1.0;0.0009395039025028902;0.9399999976158142;0.40811336040496826
558;0.9988839285714286;0.00428471014934725;0.9399999976158142;0.37269988656044006
559;0.9988839285714286;0.0026907235733233392;0.9399999976158142;0.3796769678592682
560;0.9988839285714286;0.0030181846814230084;0.8899999856948853;0.4470471143722534
561;1.0;0.001966289510684354;0.9100000262260437;0.43043434619903564
562;1.0;0.001222707422649754;0.9200000166893005;0.4511190354824066
563;1.0;0.001561911327631346;0.9200000166893005;0.4884740710258484
564;1.0;0.0013452440367213317;0.9200000166893005;0.49444711208343506
565;0.9988839285714286;0.003024246310815215;0.9100000262260437;0.3941783607006073
566;1.0;0.0012385807099885174;0.9200000166893005;0.30986693501472473
567;1.0;0.001134955191186496;0.9200000166893005;0.29725196957588196
568;0.9977678571428571;0.0039215226591165575;0.9100000262260437;0.3133379817008972
569;0.9988839285714286;0.0020205717134688583;0.9300000071525574;0.3978862762451172
570;1.0;0.0012883742040555393;0.9100000262260437;0.507023811340332
571;0.9955357142857143;0.01218439984534468;0.9200000166893005;0.31246432662010193
572;0.9977678571428571;0.0027077502038862023;0.9599999785423279;0.2502917945384979
573;1.0;0.0031300406138013515;0.9399999976158142;0.2681739926338196
574;1.0;0.0025383978749492337;0.9300000071525574;0.2696271240711212
575;1.0;0.0015093734920290963;0.9200000166893005;0.2994110584259033
576;1.0;0.0012373501501445258;0.9300000071525574;0.338251531124115
577;0.9988839285714286;0.005262487567961216;0.9300000071525574;0.33124083280563354
578;1.0;0.001297641545534134;0.9300000071525574;0.3155139684677124
579;1.0;0.0012777046150793986;0.9300000071525574;0.30223262310028076
580;1.0;0.0013728723279200494;0.9200000166893005;0.30681583285331726
581;0.9988839285714286;0.002471953380985984;0.9300000071525574;0.32570648193359375
582;0.9977678571428571;0.004927750477301223;0.9399999976158142;0.37270984053611755
583;1.0;0.0022700412830870065;0.9200000166893005;0.4145473539829254
584;0.9988839285714286;0.0031290794140659273;0.9200000166893005;0.4303722381591797
585;0.9988839285714286;0.006542067292944661;0.9100000262260437;0.4053448438644409
586;1.0;0.0008198475365393928;0.8999999761581421;0.3854951560497284
587;1.0;0.0007786210626363754;0.8999999761581421;0.3840523064136505
588;1.0;0.0005005250069578844;0.8999999761581421;0.3854413330554962
589;1.0;0.0007799436529499612;0.8899999856948853;0.38812965154647827
590;1.0;0.0009412757270703358;0.8899999856948853;0.3820553123950958
591;1.0;0.0018055909604299814;0.8899999856948853;0.39312922954559326
592;0.9988839285714286;0.0019090919605722384;0.8899999856948853;0.4386322498321533
593;0.9988839285714286;0.0016776429838500917;0.8799999952316284;0.43670713901519775
594;1.0;0.0004548793866498662;0.9100000262260437;0.44173529744148254
595;1.0;0.0003977986759439643;0.9100000262260437;0.4482578635215759
596;1.0;0.0004111200853783105;0.9100000262260437;0.4518740177154541
597;1.0;0.0004555092808524413;0.9100000262260437;0.4410462975502014
598;1.0;0.00041211168614349196;0.9100000262260437;0.4168566167354584
599;1.0;0.0002345507881338043;0.9300000071525574;0.4007458984851837
600;0.9988839285714286;0.0020243915829009245;0.9399999976158142;0.38638240098953247
601;1.0;0.0009045433419357453;0.9200000166893005;0.3826353847980499
602;0.9977678571428571;0.004777798262823906;0.9200000166893005;0.3915443420410156
603;1.0;0.00030638672303341864;0.9200000166893005;0.42168721556663513
604;1.0;0.0004156962718947658;0.9100000262260437;0.439329594373703
605;0.9988839285714286;0.002958200073667935;0.9200000166893005;0.39371761679649353
606;1.0;0.0003083487432117441;0.9200000166893005;0.36352795362472534
607;0.9988839285714286;0.002856513942658369;0.9200000166893005;0.3496246337890625
608;1.0;0.0003897814978180187;0.9399999976158142;0.35280001163482666
609;1.0;0.000413778903228896;0.9399999976158142;0.35733115673065186
610;1.0;0.0007882362697273493;0.9399999976158142;0.36115744709968567
611;1.0;0.0005310824573306101;0.9399999976158142;0.3593560755252838
612;1.0;0.0005506342651122915;0.9300000071525574;0.3712503910064697
613;1.0;0.0007888793147036008;0.8999999761581421;0.3932655453681946
614;1.0;0.0002872329413159085;0.8899999856948853;0.44412222504615784
615;1.0;0.00043376637872175446;0.8899999856948853;0.4826933741569519
616;1.0;0.0006813092415021467;0.8899999856948853;0.4774319529533386
617;1.0;0.0008983494231610426;0.8999999761581421;0.4454548954963684
618;1.0;0.00026832673964755874;0.9100000262260437;0.4162589907646179
619;1.0;0.000398872050157349;0.9300000071525574;0.39461812376976013
620;1.0;0.0002495596168695816;0.9300000071525574;0.38492661714553833
621;1.0;0.0003235904732719064;0.9300000071525574;0.3811940848827362
622;1.0;0.00038121827778273394;0.9300000071525574;0.3860524892807007
623;1.0;0.0003987790842074901;0.9300000071525574;0.4090160131454468
624;1.0;0.0001817909485128309;0.9200000166893005;0.43504416942596436
625;1.0;0.00024909269164449403;0.8999999761581421;0.4502140283584595
626;1.0;0.0006784677804846849;0.8999999761581421;0.45297977328300476
627;1.0;0.00026049185544252396;0.9100000262260437;0.44901588559150696
628;1.0;0.0006092019258565935;0.9100000262260437;0.4439089596271515
629;1.0;0.0003251346954909552;0.9100000262260437;0.43749934434890747
630;1.0;0.00038063853779541593;0.9100000262260437;0.431569367647171
631;1.0;0.0004278594736076359;0.9200000166893005;0.41216781735420227
632;1.0;0.0002521588633369122;0.9300000071525574;0.388324499130249
633;1.0;0.00025271897902712226;0.9300000071525574;0.37337493896484375
634;1.0;0.0003266493045625144;0.9300000071525574;0.3704743981361389
635;1.0;0.00021662579300547286;0.9300000071525574;0.3707904815673828
636;1.0;0.00014483122712200775;0.9300000071525574;0.3735603988170624
637;1.0;0.0005145663037962679;0.9300000071525574;0.37487030029296875
638;1.0;0.00020194187111753439;0.9300000071525574;0.37406036257743835
639;1.0;0.00030263383606714863;0.9300000071525574;0.3725590407848358
640;1.0;0.0002921725161806015;0.9300000071525574;0.37223634123802185
641;1.0;0.00018498717898702516;0.9300000071525574;0.37052425742149353
642;1.0;0.00019530079277631427;0.9300000071525574;0.3703361451625824
643;1.0;0.0003689598088385537;0.9300000071525574;0.37568217515945435
644;1.0;0.0001667063292448542;0.9300000071525574;0.384716272354126
645;1.0;0.0005682943613334958;0.9300000071525574;0.391445517539978
646;1.0;0.00021154458850755224;0.9200000166893005;0.4048854410648346
647;1.0;0.0006412560012125011;0.9100000262260437;0.40339720249176025
648;1.0;0.00018453184955952956;0.9100000262260437;0.37118491530418396
649;1.0;0.0002305129642731377;0.8999999761581421;0.35244765877723694
650;1.0;0.0004301349856957261;0.9100000262260437;0.33929139375686646
651;1.0;0.00021524228837474117;0.9100000262260437;0.33472782373428345
652;1.0;0.0010235380614176393;0.8999999761581421;0.3484393060207367
653;1.0;0.0005536308245999473;0.8899999856948853;0.42135298252105713
654;1.0;0.0003506299440882036;0.8799999952316284;0.47483742237091064
655;1.0;0.0009837765412937319;0.8799999952316284;0.4681895971298218
656;1.0;0.0005547529394139669;0.8999999761581421;0.3895469009876251
657;1.0;0.0003411559945171965;0.9200000166893005;0.34928154945373535
658;1.0;0.0003529529203660786;0.9200000166893005;0.3305788040161133
659;1.0;0.00046749443780364733;0.9200000166893005;0.3257461190223694
660;1.0;0.00030049496230536273;0.9200000166893005;0.32774248719215393
661;1.0;0.0008768564771993884;0.9300000071525574;0.3376155495643616
662;1.0;0.0003172434288509456;0.9100000262260437;0.38975977897644043
663;1.0;0.0004476726026041433;0.8999999761581421;0.43733900785446167
664;1.0;0.00027678805054165423;0.8999999761581421;0.45298102498054504
665;1.0;0.0009890653059950896;0.9100000262260437;0.4381300210952759
666;1.0;0.00028169123106636107;0.9200000166893005;0.4140966832637787
667;1.0;0.000588525810079383;0.9200000166893005;0.40279364585876465
668;1.0;0.00024823877694351334;0.9300000071525574;0.4105297029018402
669;1.0;0.0006923668967959072;0.9200000166893005;0.4204293489456177
670;1.0;0.00033555188149745973;0.9100000262260437;0.4452168941497803
671;1.0;0.00025994669080578854;0.9100000262260437;0.45435047149658203
672;1.0;0.00024043919152713248;0.9100000262260437;0.454189658164978
673;1.0;0.0002743609366007149;0.9100000262260437;0.45159608125686646
674;1.0;0.00022962131645596986;0.8899999856948853;0.45662713050842285
675;1.0;0.0006557190333426531;0.8899999856948853;0.45195257663726807
676;1.0;0.000743735779126707;0.9200000166893005;0.4510385990142822
677;1.0;0.00019106569899512188;0.9200000166893005;0.451856791973114
678;1.0;0.000184988889876487;0.9300000071525574;0.452576607465744
679;1.0;0.00029056327184662223;0.9300000071525574;0.4503529369831085
680;1.0;0.0005432518165824669;0.9300000071525574;0.4486199915409088
681;1.0;0.0004981260343421516;0.9100000262260437;0.4610680341720581
682;1.0;0.00025538522666985434;0.9100000262260437;0.48803672194480896
683;1.0;0.00026398526720835695;0.9100000262260437;0.5022596716880798
684;1.0;0.0005604098571763773;0.9100000262260437;0.4923282861709595
685;1.0;0.0003879391255655459;0.9100000262260437;0.4688204228878021
686;1.0;0.0003343438313874815;0.9200000166893005;0.4432791471481323
687;1.0;0.0005236852386068287;0.9200000166893005;0.42222604155540466
688;1.0;0.00032306145294569433;0.9300000071525574;0.40304461121559143
689;1.0;0.0003051041775116963;0.9200000166893005;0.39523687958717346
690;0.9988839285714286;0.0039059486048894803;0.9100000262260437;0.4710153341293335
691;1.0;0.00045415952834965926;0.8700000047683716;0.8496142625808716
692;0.9933035714285714;0.01812020662639822;0.8600000143051147;0.6188396215438843
693;0.9988839285714286;0.003392401442397386;0.8999999761581421;0.44262248277664185
694;0.9966517857142857;0.011468974025254803;0.9200000166893005;0.4354919493198395
695;0.9966517857142857;0.008756160033434364;0.9200000166893005;0.5504374504089355
696;1.0;0.0007627147466077336;0.9200000166893005;0.6280874013900757
697;0.9988839285714286;0.004181619550633643;0.9300000071525574;0.5876033306121826
698;1.0;0.0011373419131684517;0.8999999761581421;0.5057215690612793
699;0.9988839285714286;0.0029548318457922767;0.8700000047683716;0.5998920202255249
700;0.9988839285714286;0.0025499958927477045;0.8899999856948853;0.4925839304924011
701;1.0;0.0010415873423750912;0.9200000166893005;0.4645906388759613
702;0.9966517857142857;0.010379273311368056;0.9100000262260437;0.474343478679657
703;1.0;0.0026937404181808233;0.8799999952316284;0.5410022735595703
704;0.9966517857142857;0.0109336850166853;0.8899999856948853;0.5520821213722229
705;0.9977678571428571;0.009102136670013092;0.8999999761581421;0.6476840376853943
706;0.9977678571428571;0.003201240091584623;0.8700000047683716;0.7096045017242432
707;0.9988839285714286;0.0042692548927984065;0.8899999856948853;0.6147287487983704
708;0.9977678571428571;0.00525908318065506;0.8999999761581421;0.4171481728553772
709;1.0;0.0015165601757221989;0.8899999856948853;0.5654758214950562
710;0.9988839285714286;0.0028916982534740654;0.8799999952316284;0.5739791393280029
711;1.0;0.0007174037122500262;0.8899999856948853;0.5181982517242432
712;1.0;0.0004840864213682445;0.8999999761581421;0.4860560894012451
713;1.0;0.000240656834128978;0.8999999761581421;0.4641907215118408
714;1.0;0.00026514858265207816;0.8999999761581421;0.4481477439403534
715;1.0;0.00017582632218753652;0.8999999761581421;0.43575650453567505
716;1.0;0.00023995708241792663;0.8999999761581421;0.4294542968273163
717;1.0;0.0006075481110851147;0.9100000262260437;0.42852553725242615
718;1.0;0.0005725882074330002;0.9100000262260437;0.4334670901298523
719;1.0;0.0002945732973915126;0.9100000262260437;0.43885570764541626
720;1.0;0.00047145817994273135;0.9100000262260437;0.42147666215896606
721;1.0;0.00018053888717466698;0.9200000166893005;0.38788318634033203
722;1.0;0.00027532579094570665;0.9200000166893005;0.3773752450942993
723;1.0;0.00040508408398766605;0.9200000166893005;0.3870413601398468
724;1.0;0.0003440499172679016;0.9300000071525574;0.39921340346336365
725;1.0;0.0005744593238757391;0.9200000166893005;0.4184601604938507
726;1.0;0.0002753998934557395;0.9200000166893005;0.43468329310417175
727;0.9955357142857143;0.006822427136025259;0.9399999976158142;0.41729727387428284
728;0.9955357142857143;0.011338781087293423;0.9399999976158142;0.38399970531463623
729;0.9955357142857143;0.010686930111010693;0.8999999761581421;0.4382585287094116
730;1.0;0.0004196593155419188;0.8999999761581421;0.5614641308784485
731;0.9977678571428571;0.005889944449466254;0.9100000262260437;0.5077488422393799
732;1.0;0.002015598484181932;0.9100000262260437;0.37395861744880676
733;1.0;0.0005872500561443823;0.9100000262260437;0.40741637349128723
734;1.0;0.001509330006748704;0.9200000166893005;0.43496173620224
735;1.0;0.0006788671972961831;0.9200000166893005;0.4268806576728821
736;1.0;0.0012305671615259989;0.9100000262260437;0.4325364828109741
737;1.0;0.0007863796012575871;0.8999999761581421;0.5194699764251709
738;1.0;0.0002452415896446577;0.8999999761581421;0.5205604434013367
739;1.0;0.00024351086904061958;0.9100000262260437;0.5204623937606812
740;1.0;0.0002892647171393037;0.9100000262260437;0.5228960514068604
741;1.0;0.0009783208702823945;0.9100000262260437;0.493267297744751
742;1.0;0.0003476201631461403;0.9100000262260437;0.47016945481300354
743;0.9988839285714286;0.0017726062797009945;0.9100000262260437;0.4506745934486389
744;1.0;0.00018141443641590222;0.9100000262260437;0.432750403881073
745;1.0;0.0002550851121278746;0.8999999761581421;0.42286476492881775
746;1.0;0.0008778981323952653;0.8999999761581421;0.4237675368785858
747;1.0;0.00037425032600627413;0.9100000262260437;0.4520319104194641
748;1.0;0.0003677883942145854;0.9100000262260437;0.47130653262138367
749;0.9988839285714286;0.0016442691142271673;0.8999999761581421;0.4744125306606293
750;1.0;0.0011322073987685144;0.9100000262260437;0.48349761962890625
751;0.9988839285714286;0.002355371568618076;0.9300000071525574;0.4082024395465851
752;0.9988839285714286;0.0022089154372224584;0.9200000166893005;0.42767855525016785
753;1.0;0.0008511456128742014;0.9200000166893005;0.4477875232696533
754;1.0;0.0031929116272034924;0.9200000166893005;0.49476557970046997
755;1.0;0.0006645009728215102;0.9300000071525574;0.5346681475639343
756;0.9921875;0.029401145567784885;0.9200000166893005;0.4111554026603699
757;0.9988839285714286;0.004142446509961571;0.9100000262260437;0.42882999777793884
758;0.9966517857142857;0.013765407726168633;0.8899999856948853;0.6455331444740295
759;1.0;0.0006646327009158475;0.8999999761581421;0.7881731390953064
760;0.9933035714285714;0.028158836332815036;0.8999999761581421;0.6353325843811035
761;0.9977678571428571;0.004353636909010155;0.8999999761581421;0.5869113206863403
762;0.9888392857142857;0.03984054923057556;0.9300000071525574;0.3603650629520416
763;0.9933035714285714;0.016385945375077426;0.9300000071525574;0.392479807138443
764;0.9944196428571429;0.019022499144609486;0.8799999952316284;0.7226652503013611
765;0.9910714285714286;0.02309881935694388;0.8700000047683716;0.628962516784668
766;0.9988839285714286;0.006360969872080854;0.8500000238418579;0.5887815356254578
767;0.9933035714285714;0.02782628222900842;0.8899999856948853;0.5091462135314941
768;0.9933035714285714;0.01164649277260261;0.8899999856948853;0.6247510313987732
769;0.9955357142857143;0.021683421252029284;0.8600000143051147;0.8010745048522949
770;0.9988839285714286;0.0038224925686206135;0.8999999761581421;0.5557143688201904
771;0.9988839285714286;0.0052877057210675305;0.9200000166893005;0.4876337945461273
772;0.9966517857142857;0.013669909975890602;0.9200000166893005;0.4751851558685303
773;0.9966517857142857;0.006139656129692282;0.8999999761581421;0.47485899925231934
774;1.0;0.0017312212730757892;0.8799999952316284;0.4995288550853729
775;0.9944196428571429;0.013451999685327922;0.8899999856948853;0.43683815002441406
776;0.9966517857142857;0.009384080301970243;0.9100000262260437;0.3657852113246918
777;0.9988839285714286;0.003691527959225433;0.9100000262260437;0.41482192277908325
778;0.9988839285714286;0.0031285236390041454;0.9100000262260437;0.4592265784740448
779;0.9988839285714286;0.00471714002612446;0.9200000166893005;0.444091260433197
780;0.9988839285714286;0.0030829499675227062;0.9200000166893005;0.44812220335006714
781;1.0;0.0006688010014061417;0.9300000071525574;0.4054546356201172
782;1.0;0.002014522590408368;0.9300000071525574;0.38673004508018494
783;0.9977678571428571;0.004700891640303391;0.9300000071525574;0.39499640464782715
784;0.9988839285714286;0.0037235390378295313;0.8999999761581421;0.487955242395401
785;0.9966517857142857;0.005269682400726846;0.8899999856948853;0.4441646933555603
786;1.0;0.001152565170611654;0.9200000166893005;0.3777543902397156
787;0.9977678571428571;0.00524589978158474;0.9100000262260437;0.33469322323799133
788;0.9988839285714286;0.003247000659549875;0.8999999761581421;0.39620697498321533
789;1.0;0.0014360328870160238;0.8600000143051147;0.5424589514732361
790;1.0;0.00250061639651124;0.8700000047683716;0.5329371094703674
791;1.0;0.0004331497953639233;0.8600000143051147;0.4792192876338959
792;1.0;0.0004132216605025211;0.8899999856948853;0.456369012594223
793;1.0;0.0005883391880031143;0.8899999856948853;0.4373553991317749
794;0.9988839285714286;0.0019010222916092192;0.9100000262260437;0.4124581813812256
795;0.9988839285714286;0.004175042184734983;0.9200000166893005;0.41837581992149353
796;1.0;0.0004551008418535015;0.9100000262260437;0.5186316967010498
797;0.9988839285714286;0.004382180964707264;0.8899999856948853;0.5336185693740845
798;0.9977678571428571;0.004998296831867525;0.8899999856948853;0.4042927622795105
799;0.9988839285714286;0.0027676460200122426;0.8899999856948853;0.4260671138763428
800;0.9955357142857143;0.013433105711426054;0.8899999856948853;0.31409621238708496
801;1.0;0.0012499561333762749;0.9300000071525574;0.2726329565048218
802;1.0;0.0006140400988182851;0.9100000262260437;0.34506160020828247
803;1.0;0.0010058547528128006;0.9100000262260437;0.3985494375228882
804;1.0;0.0018075997941195965;0.8999999761581421;0.40586891770362854
805;1.0;0.0007660697031367038;0.9100000262260437;0.42749178409576416
806;1.0;0.00020487097624157156;0.9100000262260437;0.44939300417900085
807;1.0;0.00018639695190358907;0.9100000262260437;0.4614003002643585
808;1.0;0.0011592547026728944;0.9100000262260437;0.46407967805862427
809;1.0;0.0004995646054989525;0.9100000262260437;0.47711893916130066
810;1.0;0.00029755754180119505;0.8999999761581421;0.49200189113616943
811;1.0;0.00019149313032227968;0.8899999856948853;0.517213761806488
812;1.0;0.00019334551845011965;0.8899999856948853;0.5302613973617554
813;1.0;0.0005006104474887252;0.8899999856948853;0.5287340879440308
814;0.9988839285714286;0.004183995450148359;0.8999999761581421;0.4570861756801605
815;1.0;0.00016179301019292325;0.8999999761581421;0.4006556570529938
816;1.0;0.0012373299354554287;0.8999999761581421;0.3917062282562256
817;1.0;0.0004777561885670626;0.8999999761581421;0.3979489803314209
818;1.0;0.0003583760449795851;0.8899999856948853;0.40160053968429565
819;0.9988839285714286;0.001752511623115944;0.8899999856948853;0.4333760738372803
820;1.0;0.00031925231243284155;0.8799999952316284;0.5425602197647095
821;0.9988839285714286;0.0021982217606689248;0.8899999856948853;0.5428096652030945
822;0.9988839285714286;0.002594152679583723;0.9100000262260437;0.47937458753585815
823;1.0;0.00016604739981370846;0.9200000166893005;0.31659674644470215
824;1.0;0.00045787163877061436;0.9599999785423279;0.26935961842536926
825;1.0;0.000502535911177152;0.9700000286102295;0.26261699199676514
826;0.9988839285714286;0.0034106462678339866;0.949999988079071;0.2736993730068207
827;1.0;0.00026874011382460594;0.9200000166893005;0.31616753339767456
828;1.0;0.0002960556490247005;0.9100000262260437;0.3665599822998047
829;1.0;0.00015817109670024365;0.8899999856948853;0.41125842928886414
830;1.0;0.000472111498571134;0.8899999856948853;0.43986085057258606
831;1.0;0.0003666680630496038;0.8899999856948853;0.4515721797943115
832;1.0;0.0002609100670919621;0.8899999856948853;0.4436854422092438
833;1.0;0.0010255930704131191;0.8899999856948853;0.45664656162261963
834;1.0;0.00013704918455914594;0.8899999856948853;0.5147609710693359
835;0.9988839285714286;0.0018871243228204548;0.8899999856948853;0.5888143181800842
836;0.9977678571428571;0.006821075236075558;0.8899999856948853;0.7031489610671997
837;0.9988839285714286;0.00419035234621593;0.8999999761581421;0.6487181782722473
838;1.0;0.00047764498906742247;0.9200000166893005;0.46802178025245667
839;0.9988839285714286;0.0032703396365312593;0.9300000071525574;0.4376239776611328
840;1.0;0.0009798183413555048;0.9300000071525574;0.4676912724971771
841;1.0;0.000890935688013477;0.8999999761581421;0.5289045572280884
842;1.0;0.00035077507657531114;0.8999999761581421;0.576352059841156
843;0.9988839285714286;0.004025690872887415;0.8899999856948853;0.607485830783844
844;1.0;0.0010808337496460549;0.8999999761581421;0.6526804566383362
845;1.0;0.0008129660688739802;0.9100000262260437;0.6683340668678284
846;0.9988839285714286;0.0024661717553889112;0.9100000262260437;0.669167160987854
847;1.0;0.00046711123598340364;0.9100000262260437;0.6601458787918091
848;0.9977678571428571;0.0026588426969413248;0.9100000262260437;0.595004141330719
849;1.0;0.00028778128658554384;0.9200000166893005;0.4901494085788727
850;0.9988839285714286;0.0052176732237317735;0.9100000262260437;0.4794239103794098
851;0.9988839285714286;0.0017981558007055096;0.9100000262260437;0.5160350203514099
852;1.0;0.0003927608361534242;0.8999999761581421;0.5672354102134705
853;1.0;0.0009679734025017492;0.8899999856948853;0.6149980425834656
854;1.0;0.00033142043061421385;0.8799999952316284;0.6484780311584473
855;1.0;0.0003223841860225158;0.8799999952316284;0.6548375487327576
856;1.0;0.0002957052451425365;0.8799999952316284;0.6476036310195923
857;1.0;0.0012530802133759217;0.8899999856948853;0.6296331882476807
858;1.0;0.0006536968285217881;0.8899999856948853;0.6211932897567749
859;1.0;0.0002613829939426588;0.8899999856948853;0.6154260635375977
860;1.0;0.00014086861587462148;0.8999999761581421;0.611624002456665
861;1.0;0.0001900718447619251;0.8999999761581421;0.6069403886795044
862;1.0;0.0002635973692771846;0.8999999761581421;0.6051658987998962
863;1.0;0.00022691065428911576;0.8999999761581421;0.6038146018981934
864;1.0;0.0003576592467392662;0.8999999761581421;0.605573832988739
865;1.0;0.0005619153546701584;0.8999999761581421;0.6104719638824463
866;1.0;0.00020866405144001225;0.9100000262260437;0.6080440878868103
867;1.0;0.00015791681029700806;0.9100000262260437;0.6029276847839355
868;1.0;0.0003334930432694299;0.9100000262260437;0.5981717109680176
869;1.0;0.0002783761447062716;0.9100000262260437;0.5970697999000549
870;1.0;0.0001544030466383057;0.8999999761581421;0.5961736440658569
871;1.0;0.00014273187220429203;0.8999999761581421;0.5934779644012451
872;1.0;0.00012971092655789107;0.8999999761581421;0.592795193195343
873;1.0;0.00011609230672807566;0.8999999761581421;0.5912408232688904
874;1.0;0.00018543458593610142;0.8999999761581421;0.5853082537651062
875;1.0;0.00025443984486628324;0.8999999761581421;0.5715420246124268
876;1.0;0.00013136484111393138;0.8999999761581421;0.5594891905784607
877;1.0;0.00010782151574468506;0.8999999761581421;0.5481427907943726
878;1.0;0.00011529190357707973;0.8999999761581421;0.5406110286712646
879;1.0;0.00019047672893585904;0.8999999761581421;0.5347722768783569
880;1.0;7.952781431543241e-05;0.9100000262260437;0.531037449836731
881;1.0;0.00022891357054634552;0.9100000262260437;0.5310295820236206
882;1.0;0.0001845874170872516;0.9100000262260437;0.5305619239807129
883;1.0;0.000425219681346789;0.9100000262260437;0.5207266807556152
884;1.0;0.00014302454240220998;0.9100000262260437;0.5162339806556702
885;1.0;0.00012493906771331758;0.9100000262260437;0.513407826423645
886;1.0;0.0001774376370511683;0.9100000262260437;0.5117050409317017
887;1.0;0.00010594271589070559;0.9100000262260437;0.5100308060646057
888;1.0;7.953620453398409e-05;0.9100000262260437;0.5100057125091553
889;1.0;0.00011293680394633807;0.9100000262260437;0.510906457901001
890;1.0;0.00019476724368619865;0.9100000262260437;0.516572892665863
891;1.0;0.000122706954633551;0.9100000262260437;0.5219213366508484
892;1.0;0.00023421098844015172;0.9100000262260437;0.5274097323417664
893;1.0;0.00012499021873476783;0.9100000262260437;0.5331922769546509
894;1.0;0.00014365435345098376;0.9100000262260437;0.5381680130958557
895;1.0;0.0007697650705397661;0.9100000262260437;0.5512605309486389
896;1.0;0.00010456393023819796;0.8899999856948853;0.5821838974952698
897;1.0;0.00017937978139213686;0.8899999856948853;0.5968140959739685
898;1.0;0.00023874851779380281;0.8899999856948853;0.5977995991706848
899;1.0;0.00016249779270895357;0.8899999856948853;0.5918111205101013
900;1.0;0.0006910689012979024;0.8999999761581421;0.5708839297294617
901;1.0;0.000134666109391089;0.9100000262260437;0.5283468961715698
902;1.0;9.355022692553965e-05;0.9100000262260437;0.5088363885879517
903;1.0;0.00010141316670342349;0.9200000166893005;0.4994530975818634
904;1.0;0.0005368818071604307;0.9200000166893005;0.502754807472229
905;1.0;0.0001338032930756786;0.9200000166893005;0.5141411423683167
906;1.0;0.0001297998486344503;0.9200000166893005;0.5240517258644104
907;1.0;0.0004076669429196045;0.9200000166893005;0.5320310592651367
908;1.0;0.00014133179917865033;0.9100000262260437;0.5346560478210449
909;1.0;0.0001431775329235409;0.9100000262260437;0.5365856289863586
910;1.0;0.00011711704012538706;0.9100000262260437;0.5410791039466858
911;1.0;8.2952890287353e-05;0.9100000262260437;0.5458162426948547
912;1.0;0.00012929762098272995;0.9100000262260437;0.5486550331115723
913;1.0;0.0009531981403207672;0.8999999761581421;0.5762593150138855
914;1.0;0.0004064983014749097;0.8999999761581421;0.6445387005805969
915;1.0;0.0004702308672546808;0.9100000262260437;0.6495603919029236
916;1.0;0.00034838937946395684;0.8999999761581421;0.6387828588485718
917;1.0;0.00014536999307373271;0.8999999761581421;0.6134840250015259
918;1.0;0.00015168201311358383;0.8999999761581421;0.5918381214141846
919;1.0;0.000116085319729921;0.8999999761581421;0.5720941424369812
920;1.0;0.00015977805638353208;0.8999999761581421;0.5564268231391907
921;1.0;0.0006750229679580246;0.9100000262260437;0.5368457436561584
922;1.0;0.00018282134884170124;0.9100000262260437;0.5164954662322998
923;1.0;7.620869499597964e-05;0.9100000262260437;0.5020595788955688
924;1.0;0.0001502054916012899;0.9100000262260437;0.4943960905075073
925;1.0;6.084299301229683e-05;0.9100000262260437;0.4899238348007202
926;1.0;6.408781337086111e-05;0.9100000262260437;0.4882066249847412
927;1.0;7.407265314083946e-05;0.9100000262260437;0.4866015315055847
928;1.0;8.767853017031615e-05;0.9100000262260437;0.48687103390693665
929;1.0;0.00021041578085195006;0.9100000262260437;0.48585575819015503
930;1.0;5.7882380393233947e-05;0.9100000262260437;0.4895741939544678
931;1.0;7.007408359121265e-05;0.9100000262260437;0.4925583600997925
932;1.0;6.923263884216015e-05;0.9100000262260437;0.49579861760139465
933;1.0;9.181216903795888e-05;0.9100000262260437;0.4976726770401001
934;1.0;8.223240105767868e-05;0.9100000262260437;0.49893054366111755
935;1.0;0.00019605954210939153;0.9100000262260437;0.49683013558387756
936;1.0;0.00021049532889654593;0.9100000262260437;0.4966801702976227
937;1.0;0.00014725564791920727;0.9100000262260437;0.5014095306396484
938;1.0;0.00014018429127255722;0.9100000262260437;0.5131433010101318
939;1.0;6.297080835793167e-05;0.9100000262260437;0.5123337507247925
940;1.0;5.2774550567846745e-05;0.9100000262260437;0.5111969113349915
941;1.0;0.00011777196050388739;0.9100000262260437;0.5105122923851013
942;1.0;6.409744362047474e-05;0.9100000262260437;0.5079054832458496
943;1.0;0.00010498397438953231;0.9100000262260437;0.5030502676963806
944;1.0;0.00024771257137347547;0.9100000262260437;0.49321720004081726
945;1.0;6.837137542398912e-05;0.9100000262260437;0.48794469237327576
946;1.0;0.00011469389469961502;0.9100000262260437;0.48563429713249207
947;1.0;0.0003818836578700159;0.9100000262260437;0.4869684875011444
948;1.0;0.0001712326515449344;0.9100000262260437;0.4922206401824951
949;1.0;6.223022293332698e-05;0.9100000262260437;0.49610257148742676
950;1.0;6.590008602610656e-05;0.9100000262260437;0.4997178614139557
951;1.0;5.5315735932838705e-05;0.9100000262260437;0.5028342604637146
952;1.0;5.485401717513534e-05;0.9100000262260437;0.5057005882263184
953;1.0;9.641242961931442e-05;0.9100000262260437;0.5069992542266846
954;1.0;0.0001196612200666485;0.9100000262260437;0.5088321566581726
955;1.0;8.99118437830891e-05;0.9100000262260437;0.5099257826805115
956;1.0;0.00013853346380139037;0.9100000262260437;0.5091137290000916
957;1.0;6.488173260420029e-05;0.9100000262260437;0.5122286081314087
958;1.0;8.49335683597019e-05;0.9100000262260437;0.5168684124946594
959;1.0;5.804707013469722e-05;0.9100000262260437;0.5199463367462158
960;1.0;4.608409186143295e-05;0.9100000262260437;0.5213323831558228
961;1.0;9.024045513277607e-05;0.9100000262260437;0.5215235948562622
962;1.0;6.710374457595338e-05;0.9100000262260437;0.5224119424819946
963;1.0;0.0001630903425393626;0.9100000262260437;0.5236039161682129
964;1.0;7.99676708993502e-05;0.9100000262260437;0.519904613494873
965;1.0;6.110110345096993e-05;0.9100000262260437;0.5176044702529907
966;1.0;0.00014092829431839555;0.9100000262260437;0.5155279636383057
967;1.0;6.0891366696783476e-05;0.9100000262260437;0.5136849284172058
968;1.0;0.00010192698417605632;0.9100000262260437;0.5120745301246643
969;1.0;0.0005619421062874608;0.9100000262260437;0.5122789144515991
970;1.0;0.0001568268853588961;0.8899999856948853;0.5309966802597046
971;1.0;0.00010608763425677483;0.8899999856948853;0.5520671606063843
972;1.0;7.820056219186102e-05;0.8799999952316284;0.5738608241081238
973;1.0;9.773234861703324e-05;0.8700000047683716;0.592732310295105
974;1.0;0.0003283842109210257;0.8700000047683716;0.5872486233711243
975;1.0;0.0004258737878574591;0.8799999952316284;0.5324995517730713
976;1.0;0.00023842752021404782;0.8899999856948853;0.5084578990936279
977;1.0;0.00028612355630944615;0.9100000262260437;0.5198525786399841
978;1.0;9.491018655743184e-05;0.9100000262260437;0.5318057537078857
979;1.0;9.766668206014271e-05;0.9100000262260437;0.5403192639350891
980;1.0;0.00011589718217562352;0.9200000166893005;0.5432805418968201
981;1.0;0.00027628729003481567;0.9100000262260437;0.5454995632171631
982;1.0;0.0001265528574419607;0.9100000262260437;0.5492512583732605
983;1.0;0.00020335343184082637;0.9100000262260437;0.5491113066673279
984;1.0;6.427146373815569e-05;0.9100000262260437;0.5457766056060791
985;1.0;6.911747498504286e-05;0.9100000262260437;0.5433433651924133
986;0.9988839285714286;0.0013300672508194111;0.9100000262260437;0.5333730578422546
987;1.0;0.0005821457182589386;0.8899999856948853;0.5404918789863586
988;1.0;0.00022686984136401276;0.8999999761581421;0.5652499198913574
989;1.0;0.0025323028177289026;0.9200000166893005;0.5222325325012207
990;1.0;0.00019579531674805497;0.8999999761581421;0.48679253458976746
991;1.0;0.00010599999222904444;0.9100000262260437;0.4783726930618286
992;1.0;0.000731679547503258;0.9200000166893005;0.49176666140556335
993;1.0;0.00017287196533288807;0.8999999761581421;0.5726977586746216
994;1.0;0.0003808251536351496;0.8999999761581421;0.63275545835495
995;0.9988839285714286;0.0018497161571368842;0.8999999761581421;0.6510680913925171
996;1.0;0.00020545021106954664;0.9100000262260437;0.6593831777572632
997;1.0;0.0004782403391020905;0.9100000262260437;0.6535451412200928
998;0.9977678571428571;0.0034016611960916115;0.9100000262260437;0.614526629447937
999;1.0;0.0007557305777611743;0.8600000143051147;0.7082914710044861
